{
  "obs": {
    "mean": [
      0.5389316652359752,
      -0.013534367964971492,
      0.007665913460073087,
      0.00012166331631173019,
      -0.002656830001367875,
      -0.007533393502378832,
      0.010841601519046234,
      -0.006716026798336507,
      -0.9983234706109761,
      0.19539405602445312,
      -0.0759713155567703,
      0.08417528504094458,
      0.18323276664891555,
      -0.009160353309022434,
      -0.048568174525311474,
      -0.007586701834255649,
      -0.03829854552655282,
      -0.0978532671621238,
      0.1463303133582969,
      0.028007692939117618,
      -0.025233366102158875,
      -0.0017682725908648685,
      -0.011574747572519533,
      0.005642258028126546,
      0.018071522416606017,
      -0.015530308778745075,
      -0.0467923734360247,
      0.004046580993757704,
      -0.007803098091609925,
      -0.010451628770093665,
      0.006940846520542527,
      -0.01100364322769442,
      -0.019442900314905504,
      0.7698792252476623,
      -0.36652517488903413,
      0.42377115427902506,
      0.7011100949179773,
      -0.14477542447593247,
      0.1111367749592269,
      -0.04223504172526307,
      -0.12508881553040127,
      -0.21736513464713614,
      0.5726595972107995,
      0.15803133688828683,
      0.16108106666362496,
      0.6129933156553712,
      -0.008029793578516098
    ],
    "var": [
      0.09533520084136889,
      0.008408000508502987,
      0.04891811868672746,
      0.41087400721983214,
      0.3498224126409553,
      0.09597995474648371,
      0.001133297480049906,
      0.0017694590898009407,
      0.00028484609912004063,
      0.006884143258652851,
      0.012681040774837516,
      0.012230257424797698,
      0.008580893688867561,
      0.015296937139039226,
      0.006088261422249264,
      0.018039260420905118,
      0.019431853379196926,
      0.0099435893619342,
      0.009647247100543111,
      0.02265597336673437,
      0.013597950536872397,
      0.7156750066907244,
      3.9873178754039333,
      4.355610209917698,
      0.7070517778982137,
      4.484204736457602,
      3.839229406789854,
      3.9682607211182503,
      5.44982691599376,
      3.7662621236675786,
      3.1748273786450105,
      4.6586713507096915,
      3.7949630370700844,
      0.2093857221018138,
      0.6763400772427409,
      0.715079464396034,
      0.2223454934321772,
      0.7419111018224642,
      0.7966051582879838,
      0.7820953659104329,
      0.8820320074435605,
      0.8392064477563421,
      0.5042024379524697,
      0.8693900153254054,
      0.8469693452767709,
      0.058145091784275287,
      0.046715503897457294
    ],
    "epsilon": 1e-08,
    "clipObs": 10.0
  }
}