{
  "obs": {
    "mean": [
      0.5479148030281067,
      -0.00846757460385561,
      0.008098801597952843,
      -0.00023964895808603615,
      -0.002399741904810071,
      -0.005437313113361597,
      0.01242502685636282,
      -0.007945231162011623,
      -0.9983524680137634,
      0.20076730847358704,
      -0.08154038339853287,
      0.07323235273361206,
      0.19131779670715332,
      -0.017978189513087273,
      -0.06007382646203041,
      -0.029327822849154472,
      -0.016426626592874527,
      -0.09311680495738983,
      0.13417282700538635,
      0.013183800503611565,
      -0.04182543233036995,
      -0.0010570595040917397,
      -0.01044025830924511,
      0.0049757324159145355,
      0.01852889358997345,
      -0.017914408817887306,
      -0.05384993553161621,
      0.002291968325152993,
      -0.00514228455722332,
      -0.009791337884962559,
      0.006518801674246788,
      -0.0096732247620821,
      -0.021507930010557175,
      0.7943654656410217,
      -0.37671568989753723,
      0.3779659867286682,
      0.7298568487167358,
      -0.18093223869800568,
      0.07038696855306625,
      -0.13177572190761566,
      -0.04454965889453888,
      -0.1897519826889038,
      0.5282817482948303,
      0.10752038657665253,
      0.0936199501156807,
      0.6137725114822388,
      -0.004580576904118061
    ],
    "var": [
      0.08859630674123764,
      0.008126053027808666,
      0.0545046441257,
      0.3829960525035858,
      0.32625386118888855,
      0.08889495581388474,
      0.0011420489754527807,
      0.0016761687584221363,
      0.00025657692458480597,
      0.007418448105454445,
      0.013315465301275253,
      0.013304454274475574,
      0.00771874887868762,
      0.015150866471230984,
      0.006234460975974798,
      0.017861658707261086,
      0.020325127989053726,
      0.010216736234724522,
      0.011003767140209675,
      0.021542159840464592,
      0.013180961832404137,
      0.6362755298614502,
      4.1217217445373535,
      4.70069694519043,
      0.6209936141967773,
      4.549265384674072,
      3.958782196044922,
      4.187695503234863,
      5.8216047286987305,
      3.962111234664917,
      3.649420976638794,
      4.96864652633667,
      3.9968230724334717,
      0.20559725165367126,
      0.6989045143127441,
      0.7705580592155457,
      0.2009134590625763,
      0.7507175803184509,
      0.829720139503479,
      0.7977820038795471,
      0.9126377701759338,
      0.8699060082435608,
      0.5792966485023499,
      0.8994279503822327,
      0.8838865160942078,
      0.056079234927892685,
      0.04338638857007027
    ],
    "epsilon": 1e-08,
    "clipObs": 10.0
  }
}
