{
  "obs": {
    "mean": [
      0.17125189905255842,
      0.038916576410904666,
      -0.037232744290436916,
      0.0022992013517528914,
      -0.022311275954686145,
      0.08767908209228352,
      -0.0018311002169227421,
      0.007842145965780272,
      -0.9804117038684831,
      0.11211213185808748,
      -0.3404273497089504,
      -0.5370529254894653,
      0.8459181416788838,
      1.7104904457721453,
      -0.26355408387221707,
      -0.911366605480241,
      3.012402376705167,
      -0.6053365103379016,
      0.7850283349674917,
      2.5402591701787736,
      -0.7560848739789015,
      0.0031172781132134857,
      0.06240856088227017,
      -0.03798845193741882,
      0.013706705489406756,
      0.20503232450496875,
      -0.04276920924864766,
      -0.00020907485626765892,
      0.18741754916590755,
      -0.0659422307220171,
      -0.026664589080912154,
      0.15884152066560328,
      -0.0701669845851941,
      0.009075219526624516,
      -0.08131587394795162,
      -0.060008435157957195,
      0.3197502775524382,
      -0.12090579452808373,
      0.09728752973685902,
      -0.371332363919659,
      0.340450543277907,
      -0.21601769497527418,
      0.260055873677891,
      0.08580297760390515,
      -0.2898325098103451,
      0.448185768640823,
      -0.009966868287593966
    ],
    "var": [
      0.054358887664915104,
      0.014435419933606426,
      0.028979982083575447,
      1.009870907307406,
      0.7279602544475122,
      0.3037911259128872,
      0.0020045730297654093,
      0.03307483222250962,
      0.0036486334372712297,
      0.24281966351649475,
      2.810180379375816,
      0.2354561157961581,
      0.2308791774592629,
      0.36914513716102837,
      0.13283476003505013,
      0.13838848355885494,
      1.6241682179034282,
      0.3105119053267509,
      0.2358931945061362,
      1.75223695289183,
      0.14812338200401426,
      11.33562953724585,
      10.14291123593803,
      38.74054580685303,
      3.778516063561133,
      8.334611584807663,
      35.15255034452505,
      3.7094604627644516,
      6.035960845448872,
      30.71824962382088,
      6.441409505317125,
      10.501697823982035,
      26.254318953495723,
      0.6218000984631594,
      0.6285673143621657,
      0.607075106783711,
      0.5326312974961631,
      0.6413421062597595,
      0.6643418097585757,
      0.5014471879212423,
      0.5432390874312564,
      0.5699390683613021,
      0.5496707602812924,
      0.6044551204093105,
      0.5369971915619216,
      0.03576662516370648,
      0.043410781159210675
    ],
    "epsilon": 1e-08,
    "clipObs": 10.0
  }
}